{"name":"539b3a6f-18f5-4201-82db-dc6430a5616e","id":"/providers/Microsoft.Flow/flows/539b3a6f-18f5-4201-82db-dc6430a5616e","type":"Microsoft.Flow/flows","properties":{"apiId":"/providers/Microsoft.PowerApps/apis/shared_logicflows","displayName":"Final Hello Success Flow","definition":{"metadata":{"workflowEntityId":null,"processAdvisorMetadata":null,"flowChargedByPaygo":null,"flowclientsuspensionreason":"None","flowclientsuspensiontime":null,"flowclientsuspensionreasondetails":null,"creator":{"id":"df20e452-b97f-4bd1-b2ed-02f99abdc23b","type":"User","tenantId":"2882be50-2012-4d88-ac86-544124e120c8"},"provisioningMethod":"FromDefinition","failureAlertSubscription":true,"clientLastModifiedTime":"2025-01-30T12:57:34.163764Z","connectionKeySavedTimeKey":"2025-01-30T12:57:34.163764Z"},"$schema":"https://schema.management.azure.com/providers/Microsoft.Logic/schemas/2016-06-01/workflowdefinition.json#","contentVersion":"1.0.0.0","parameters":{"$connections":{"defaultValue":{},"type":"Object"},"$authentication":{"defaultValue":{},"type":"SecureObject"}},"triggers":{"When_an_item_is_created":{"recurrence":{"interval":1,"frequency":"Minute"},"splitOn":"@triggerOutputs()?['body/value']","metadata":{"operationMetadataId":"0af08913-4472-4a65-89a3-afb5e1c9e7ab"},"type":"OpenApiConnection","inputs":{"host":{"apiId":"/providers/Microsoft.PowerApps/apis/shared_sharepointonline","connectionName":"shared_sharepointonline","operationId":"GetOnNewItems"},"parameters":{"dataset":"https://volkswagengroup.sharepoint.com/sites/LeaveTracker","table":"65b066e2-5db0-4717-af49-0eb48893a568"},"authentication":"@parameters('$authentication')"}}},"actions":{"Initialize_variable":{"runAfter":{"Get_items_2":["Succeeded"]},"metadata":{"operationMetadataId":"18be54fd-345e-4668-b81c-48eb82a4bdbb"},"type":"InitializeVariable","inputs":{"variables":[{"name":"varUserEmail","type":"string","value":"@triggerOutputs()?['body/EmailID']"}]}},"Initialize_variable_3":{"runAfter":{"Initialize_variable":["Succeeded"]},"metadata":{"operationMetadataId":"845b3d79-d050-403e-ba8e-a1c4657fe527"},"type":"InitializeVariable","inputs":{"variables":[{"name":"Everycount","type":"string","value":"<table border=\"1\" style=\"width:100%; border-collapse: collapse;\">\n    <tr>\n        <th>Employee ID</th>\n        <th>Employee Name</th>\n        <th>Sub-Department</th>\n        <th>Date</th>\n        <th>In-Time</th>\n        <th>Out-Time</th>\n        <th>Week</th>\n        <th>Working Hours</th>\n        <th>Time Type</th>\n        <th>Remark</th>\n        <th>Email ID</th>\n    </tr>"}]}},"Apply_to_each_3":{"foreach":"@outputs('Get_items_2')?['body/value']","actions":{"Get_items":{"runAfter":{},"metadata":{"operationMetadataId":"dbe6dd57-5c06-4c49-971f-2d263b2251a8"},"type":"OpenApiConnection","inputs":{"host":{"apiId":"/providers/Microsoft.PowerApps/apis/shared_sharepointonline","connectionName":"shared_sharepointonline_1","operationId":"GetItems"},"parameters":{"dataset":"https://volkswagengroup.sharepoint.com/sites/LeaveTracker","table":"956ced14-f330-487b-b697-5440119da1af","$filter":"field_10 eq '@{items('Apply_to_each_3')?['EmailID']}'"},"authentication":"@parameters('$authentication')"},"runtimeConfiguration":{"paginationPolicy":{"minimumItemCount":8000}}},"Filter_array_2":{"runAfter":{"Get_items":["Succeeded"]},"metadata":{"operationMetadataId":"57e1707e-2b21-4b67-9111-be33d6e876e0"},"type":"Query","inputs":{"from":"@outputs('Get_items')?['body/value']","where":"@equals(item()?['field_10'], variables('varUserEmail'))"}},"Apply_to_each_4":{"foreach":"@outputs('Get_items')?['body/value']","actions":{"Compose_2":{"runAfter":{},"metadata":{"operationMetadataId":"b9dc844a-b539-4579-bebb-b289faace9a0"},"type":"Compose","inputs":"<tr>\n    <td>@{items('Apply_to_each_4')?['Title']}</td>\n    <td>@{items('Apply_to_each_4')?['field_1']}</td>\n    <td>@{items('Apply_to_each_4')?['field_2']}</td>\n    <td>@{formatDateTime(items('Apply_to_each_4')?['field_3'], 'MM/dd/yyyy HH:mm:ss')}</td>\n    <td>@{items('Apply_to_each_4')?['field_4']}</td>\n    <td>@{items('Apply_to_each_4')?['field_5']}</td>\n    <td>@{items('Apply_to_each_4')?['field_6']}</td>\n    <td>@{items('Apply_to_each_4')?['field_7']}</td>\n    <td>@{items('Apply_to_each_4')?['field_8']}</td>\n    <td>@{items('Apply_to_each_4')?['field_9']}</td>\n    <td>@{items('Apply_to_each_4')?['field_10']}</td>\n</tr>"},"Append_to_string_variable_3":{"runAfter":{"Compose_2":["Succeeded"]},"metadata":{"operationMetadataId":"bb1ce65c-9cb9-4460-b66e-e13e04ca9e47"},"type":"AppendToStringVariable","inputs":{"name":"Everycount","value":"@outputs('Compose_2')"}}},"runAfter":{"Filter_array_2":["Succeeded"]},"metadata":{"operationMetadataId":"0e81cce4-aa03-4a32-843a-7cde2b7fb55c"},"type":"Foreach"}},"runAfter":{"Get_items_3":["Succeeded"]},"metadata":{"operationMetadataId":"53f80409-f86c-4dfc-8fb1-794638bf5543"},"type":"Foreach"},"Append_to_string_variable":{"runAfter":{"Apply_to_each_3":["Succeeded"]},"metadata":{"operationMetadataId":"7319bda3-caf7-4808-a60d-fb6a755842f7"},"type":"AppendToStringVariable","inputs":{"name":"Everycount","value":"</table>"}},"Get_items_3":{"runAfter":{"Initialize_variable_3":["Succeeded"]},"metadata":{"operationMetadataId":"dbe6dd57-5c06-4c49-971f-2d263b2251a8"},"type":"OpenApiConnection","inputs":{"host":{"apiId":"/providers/Microsoft.PowerApps/apis/shared_sharepointonline","connectionName":"shared_sharepointonline_1","operationId":"GetItems"},"parameters":{"dataset":"https://volkswagengroup.sharepoint.com/sites/LeaveTracker","table":"956ced14-f330-487b-b697-5440119da1af"},"authentication":"@parameters('$authentication')"},"runtimeConfiguration":{"paginationPolicy":{"minimumItemCount":8000}}},"Send_an_email_(V2)_2":{"runAfter":{"Append_to_string_variable":["Succeeded"]},"metadata":{"operationMetadataId":"803ece42-2f0c-4ab5-8f4b-673f5fd04b7d"},"type":"OpenApiConnection","inputs":{"host":{"apiId":"/providers/Microsoft.PowerApps/apis/shared_office365","connectionName":"shared_office365_1","operationId":"SendEmailV2"},"parameters":{"emailMessage/To":"@triggerOutputs()?['body/EmailID']","emailMessage/Subject":"Attandence report","emailMessage/Body":"<p>@{variables('Everycount')}</p>","emailMessage/Importance":"Normal"},"authentication":"@parameters('$authentication')"}},"Get_items_2":{"runAfter":{},"metadata":{"operationMetadataId":"f6233f10-4cfa-4b4a-8b15-50d0d7dc4cd7"},"type":"OpenApiConnection","inputs":{"host":{"apiId":"/providers/Microsoft.PowerApps/apis/shared_sharepointonline","connectionName":"shared_sharepointonline_1","operationId":"GetItems"},"parameters":{"dataset":"https://volkswagengroup.sharepoint.com/sites/LeaveTracker","table":"65b066e2-5db0-4717-af49-0eb48893a568","$orderby":"Created desc","$top":1},"authentication":"@parameters('$authentication')"}}}},"connectionReferences":{"shared_sharepointonline_1":{"connectionName":"b7e7b267245449f5b33b639cd2c62eba","source":"Embedded","id":"/providers/Microsoft.PowerApps/apis/shared_sharepointonline","tier":"NotSpecified","apiName":"sharepointonline"},"shared_office365_1":{"connectionName":"shared-office365-43c9c8b6-8431-420e-b6e9-b78878fc30f4","source":"Embedded","id":"/providers/Microsoft.PowerApps/apis/shared_office365","tier":"NotSpecified","apiName":"office365"},"shared_sharepointonline":{"connectionName":"b7e7b267245449f5b33b639cd2c62eba","source":"Embedded","id":"/providers/Microsoft.PowerApps/apis/shared_sharepointonline","tier":"NotSpecified","apiName":"sharepointonline"}},"flowFailureAlertSubscribed":false,"isManaged":false}}