{"name":"135844cc-4c8c-4ec1-91f2-f397fb497171","id":"/providers/Microsoft.Flow/flows/135844cc-4c8c-4ec1-91f2-f397fb497171","type":"Microsoft.Flow/flows","properties":{"apiId":"/providers/Microsoft.PowerApps/apis/shared_logicflows","displayName":"Email Addition Flow","definition":{"metadata":{"workflowEntityId":null,"processAdvisorMetadata":null,"flowChargedByPaygo":null,"flowclientsuspensionreason":"None","flowclientsuspensiontime":null,"flowclientsuspensionreasondetails":null,"creator":{"id":"df20e452-b97f-4bd1-b2ed-02f99abdc23b","type":"User","tenantId":"2882be50-2012-4d88-ac86-544124e120c8"},"provisioningMethod":"FromDefinition","failureAlertSubscription":true,"clientLastModifiedTime":"2025-01-31T03:41:20.923799Z","connectionKeySavedTimeKey":"2025-01-31T03:41:20.923799Z"},"$schema":"https://schema.management.azure.com/providers/Microsoft.Logic/schemas/2016-06-01/workflowdefinition.json#","contentVersion":"1.0.0.0","parameters":{"$connections":{"defaultValue":{},"type":"Object"},"$authentication":{"defaultValue":{},"type":"SecureObject"}},"triggers":{"manual":{"metadata":{"operationMetadataId":"0c397bc0-6ce9-4268-b1ea-e6f0dcc7b7d6"},"type":"Request","kind":"Button","inputs":{"schema":{"type":"object","properties":{"boolean":{"title":"Yes/No","type":"boolean","x-ms-dynamically-added":true,"description":"Please select yes or no","x-ms-content-hint":"BOOLEAN"}},"required":["boolean"]}}}},"actions":{"Apply_to_each":{"foreach":"@outputs('List_rows_present_in_a_table')?['body/value']","actions":{"Delay":{"runAfter":{},"metadata":{"operationMetadataId":"049cd01f-920b-4124-8fc5-305df07678ad"},"type":"Wait","inputs":{"interval":{"count":2,"unit":"Minute"}}},"Create_item":{"runAfter":{"Delay":["Succeeded"]},"metadata":{"operationMetadataId":"4ccd8a40-7f76-4d3e-9627-b82868e7c583"},"type":"OpenApiConnection","inputs":{"host":{"apiId":"/providers/Microsoft.PowerApps/apis/shared_sharepointonline","connectionName":"shared_sharepointonline","operationId":"PostItem"},"parameters":{"dataset":"https://volkswagengroup.sharepoint.com/sites/LeaveTracker","table":"65b066e2-5db0-4717-af49-0eb48893a568","item/EmailID":"@items('Apply_to_each')?['Email ID']"},"authentication":{"value":"@json(decodeBase64(triggerOutputs().headers['X-MS-APIM-Tokens']))['$ConnectionKey']","type":"Raw"}}}},"runAfter":{"List_rows_present_in_a_table":["Succeeded"]},"metadata":{"operationMetadataId":"da18e938-95a3-420a-bbcd-784bac85f274"},"type":"Foreach"},"List_rows_present_in_a_table":{"runAfter":{},"metadata":{"01JXLBE4WINKU53TEYQZC3H3NDMWHIOMHR":"/Satyam/SF/User file Testing.xlsx","operationMetadataId":"560e9bd3-9edb-461c-8949-36ea5c6d14e7","tableId":"{3FFEDF22-6A00-4221-8480-2B9DB6689A98}","01JXLBE4Q4BGJX5PX6KBCKQHOF356YMQ5I":"/Satyam/SF/Email-Details.xlsx"},"type":"OpenApiConnection","inputs":{"host":{"apiId":"/providers/Microsoft.PowerApps/apis/shared_excelonlinebusiness","connectionName":"shared_excelonlinebusiness","operationId":"GetItems"},"parameters":{"source":"me","drive":"b!OzwxvPn9kUyaV71zHVqMxbK780j6hmlGjfbz7ZEUfQs27Vvr7q4-QKuWxi1UP6MI","file":"01JXLBE4Q4BGJX5PX6KBCKQHOF356YMQ5I","table":"{3FFEDF22-6A00-4221-8480-2B9DB6689A98}"},"authentication":{"value":"@json(decodeBase64(triggerOutputs().headers['X-MS-APIM-Tokens']))['$ConnectionKey']","type":"Raw"}}},"Terminate":{"runAfter":{"Apply_to_each":["Succeeded"]},"metadata":{"operationMetadataId":"cf6ee0e4-d044-45fb-8c26-21444e45b4d1"},"type":"Terminate","inputs":{"runStatus":"Succeeded"}}}},"connectionReferences":{"shared_sharepointonline":{"connectionName":"b7e7b267245449f5b33b639cd2c62eba","source":"Invoker","id":"/providers/Microsoft.PowerApps/apis/shared_sharepointonline","tier":"NotSpecified","apiName":"sharepointonline"},"shared_excelonlinebusiness":{"connectionName":"7475c9876f0f4feab6dd9529848b139c","source":"Invoker","id":"/providers/Microsoft.PowerApps/apis/shared_excelonlinebusiness","tier":"NotSpecified","apiName":"excelonlinebusiness"}},"flowFailureAlertSubscribed":false,"isManaged":false}}